customer_id,age,annual_income,credit_score,loan_amount,employment_years,debt_to_income,previous_defaults,loan_purpose,default_status
1,56,130186,523,60426,20,0.5637387628591257,1,business,0
2,69,59674,824,31819,15,0.3428738618141909,2,business,1
3,46,60854,345,97051,1,0.37352860663074594,0,education,0
4,32,71271,412,29217,1,0.21107521158277948,1,education,0
5,60,98688,532,93708,22,0.28076171376631204,1,business,0
6,25,63518,316,37994,7,0.5237882302553111,2,auto,0
7,38,136076,659,20036,12,0.40321417792061653,2,business,0
8,56,35267,522,82275,9,0.6420118780612166,2,education,0
9,36,115825,747,54416,7,0.69680946845684,1,auto,0
10,40,26062,664,14587,29,0.4791524927517319,1,business,0
11,28,141664,625,5645,3,0.6307871044392415,0,personal,0
12,28,75448,766,35930,14,0.31483315923619903,1,personal,0
13,41,120462,713,86835,29,0.39047985078005476,0,business,1
14,53,31229,754,35090,0,0.5989443733517817,2,auto,1
15,57,81793,532,92489,10,0.3703483949719215,2,business,1
16,41,139813,523,57142,6,0.5119534546112923,1,business,1
17,20,72915,711,31475,16,0.22976094535775807,2,education,0
18,39,29632,634,23888,26,0.5198399204793486,2,personal,0
19,19,129592,521,48732,19,0.7030595950588255,1,education,0
20,41,28596,336,86623,23,0.708047747876398,0,education,1
21,61,134779,577,51305,17,0.6070410844306778,1,business,0
22,47,31168,495,51037,21,0.6220273653532883,0,education,0
23,55,133099,783,14346,28,0.4905492116054905,1,personal,0
24,19,32561,541,5587,21,0.5092676631160774,1,education,0
25,38,98794,623,17763,11,0.19355540698736262,2,personal,0
26,50,107152,491,64165,8,0.4107014318949108,1,education,0
27,29,149049,316,74615,4,0.41554339872045476,1,personal,0
28,39,51734,823,41116,9,0.7709484849674182,0,education,0
29,61,31371,700,90751,3,0.40176080383630264,2,education,0
30,42,143894,321,96353,4,0.48453985143193035,0,auto,0
31,66,51069,773,95301,27,0.4732759794953718,0,personal,1
32,44,104905,419,30556,27,0.545733201931029,2,personal,0
33,59,37910,509,64042,9,0.6237629819323272,2,personal,0
34,45,98479,605,23099,10,0.2575293133196105,2,home,0
35,33,102735,569,50096,20,0.470107093368905,1,education,0
36,32,106264,584,76986,23,0.6781423951212213,2,personal,0
37,64,48275,526,18230,9,0.42418029968625803,2,home,0
38,68,97274,680,34009,27,0.29492028246150115,2,auto,0
39,61,106449,759,75969,7,0.5582963527494094,0,personal,0
40,69,125776,306,38866,1,0.6766371770593861,0,personal,0
41,20,85004,328,89246,22,0.14419820504917394,1,home,0
42,54,87981,332,81975,7,0.643753338385059,0,education,0
43,68,109659,378,46855,15,0.6751535530732399,1,auto,0
44,24,79553,758,86557,26,0.42306604931202485,0,personal,0
45,38,73447,837,11416,21,0.7883139597729272,2,education,1
46,26,59529,781,77516,4,0.6506958384951164,0,auto,0
47,56,100703,729,60915,26,0.6415637954269661,1,business,0
48,35,101090,584,23058,24,0.6234870020884503,0,business,0
49,21,42260,815,81637,28,0.20542567225279182,2,auto,0
50,42,137581,398,45718,2,0.25206162051710757,1,home,0
51,31,28812,696,37602,11,0.4247930920250975,2,auto,0
52,67,53024,788,79658,12,0.2848030449716261,2,auto,0
53,26,83656,338,83112,12,0.3906686806338283,1,home,0
54,43,141148,570,63067,9,0.7219248769460446,2,home,0
55,19,52285,456,32516,3,0.6770288243154885,2,education,0
56,37,117436,374,92969,8,0.5410279149359876,0,education,0
57,45,141421,429,6089,21,0.7006842759757725,2,home,0
58,64,26605,383,42346,23,0.6486406723120745,2,business,1
59,24,96158,321,79663,22,0.40028945228862334,2,business,0
60,61,97303,758,15487,26,0.2407456064349616,2,auto,0
61,25,52139,838,5155,1,0.4599407280065375,1,personal,0
62,64,102149,681,72494,18,0.6153602177699851,0,auto,0
63,52,81138,739,81229,0,0.4054937191107152,2,auto,0
64,31,143205,320,43547,24,0.5667403368487282,2,personal,0
65,34,101125,602,33795,28,0.16602919840373054,1,home,0
66,53,38918,383,60296,6,0.6236033154599824,2,business,0
67,67,110655,752,26447,16,0.6688995339251435,1,auto,1
68,57,52446,686,41598,2,0.5947864990463788,0,personal,0
69,21,149040,806,46814,19,0.7770845112684559,0,education,0
70,19,38046,556,95751,19,0.6786564402224483,2,auto,1
71,23,49818,826,80330,20,0.7321656095135769,2,business,0
72,59,125894,461,92960,29,0.7534997584203537,2,home,0
73,21,140751,462,68278,2,0.660943594311666,1,auto,0
74,46,29324,823,60077,2,0.5719811894045495,2,auto,1
75,35,101323,570,76906,16,0.1040030069525525,2,personal,0
76,43,34111,791,14528,6,0.4260780272561874,0,education,0
77,61,63110,507,98812,26,0.49981360903565275,2,education,0
78,51,41389,838,55100,25,0.31282119071359976,0,home,0
79,27,147177,359,13179,13,0.3226731128324305,2,business,0
80,53,66427,729,53781,16,0.7728115909971156,0,home,0
81,31,104579,608,60267,17,0.7241976056419221,2,auto,0
82,48,53746,819,87379,12,0.6944253038511929,0,auto,0
83,65,147883,326,28952,19,0.3842082611942774,1,education,0
84,32,112886,498,58798,28,0.10958898528624018,0,business,1
85,25,132141,686,55939,19,0.15615557251899986,0,personal,1
86,31,25117,648,34516,20,0.31853745775232256,0,business,0
87,40,137221,835,61526,26,0.11102003909697389,2,auto,0
88,57,109471,677,15449,17,0.11200484734063869,2,personal,0
89,38,137613,826,55290,3,0.7416223111496877,2,business,0
90,33,38234,452,91661,0,0.5943109514833379,1,business,0
91,62,128864,505,77954,17,0.3162691930477069,1,personal,0
92,35,78441,754,27746,0,0.1928512043206672,0,auto,1
93,64,25846,572,72990,25,0.458145002526554,1,business,0
94,41,35954,535,63810,25,0.10374231259805512,0,personal,0
95,43,104239,820,88297,12,0.7568896207007009,0,auto,0
96,42,138689,800,20223,19,0.39037058357226306,0,personal,0
97,62,71514,416,77237,19,0.38163446866613293,1,personal,0
98,58,113236,685,7597,22,0.37341552530724753,2,business,0
99,46,122579,643,70677,9,0.14852983127143535,1,auto,0
100,32,31469,694,7659,26,0.5468255678542786,0,business,1
101,62,55105,363,91516,10,0.6131025337398474,0,home,0
102,18,67101,371,79567,8,0.5732877783118032,1,home,1
103,42,89323,573,20037,8,0.19690484533057603,0,auto,0
104,24,116922,619,51738,4,0.5051881176249149,0,personal,0
105,26,83067,637,76678,25,0.49863913892057776,1,business,0
106,41,74376,665,17109,0,0.7078875515589674,1,business,0
107,18,70587,794,27010,16,0.3653893608629529,1,auto,0
108,61,61976,465,13787,21,0.36004016056160393,0,auto,0
109,25,129587,843,13472,1,0.53296894110273,0,home,0
110,41,92584,310,28383,23,0.5431508574496592,2,education,0
111,28,129537,600,66709,12,0.4284996591280533,2,auto,0
112,68,103477,401,74785,8,0.4101415536312948,1,education,0
113,34,135911,724,39518,28,0.44590336944651787,2,auto,0
114,25,67533,691,58909,3,0.7027317096523183,0,personal,0
115,52,26828,513,23351,4,0.422816830877737,2,personal,0
116,52,26917,387,74624,10,0.7579522543788758,0,home,1
117,50,45618,700,58330,23,0.4528026345174283,1,home,0
118,22,57254,345,20282,18,0.764440485226624,1,education,0
119,59,130292,762,89866,20,0.6829823313083531,0,auto,0
120,56,141714,609,26778,2,0.3537019258310804,2,business,0
121,58,72362,385,29264,11,0.7045489949076312,1,home,0
122,45,45128,391,64675,25,0.17704429894078066,1,business,1
123,24,148781,541,10075,18,0.7475330227401102,2,business,1
124,26,136281,301,80948,18,0.5421504605580242,2,auto,0
125,25,84383,524,53454,12,0.13807352396561784,0,education,0
126,29,90545,415,33365,27,0.5509797065555682,2,auto,0
127,51,107180,402,77766,6,0.7819733579013293,2,home,0
128,50,112958,493,53200,14,0.14886045823024024,2,business,0
129,65,34865,465,16002,22,0.4882813968460604,0,auto,0
130,40,27219,389,18947,6,0.6234560448315607,0,auto,0
131,41,64809,421,84222,25,0.667181010689672,1,auto,0
132,54,141748,442,99840,7,0.38967922572455715,0,home,0
133,52,30287,405,83610,4,0.2429165914177701,1,education,0
134,61,59387,727,57142,20,0.1296395951406687,2,auto,1
135,57,33512,604,61307,13,0.5058083099680574,1,home,0
136,39,26342,616,9493,3,0.4170377491873276,1,business,1
137,44,88076,308,55085,22,0.7641210766047978,2,personal,0
138,52,133872,372,39228,9,0.14242343540043687,1,home,0
139,18,44216,658,84676,19,0.5797767404122041,0,personal,1
140,52,142512,522,56875,14,0.11747635548404002,0,auto,0
141,54,141682,715,36655,17,0.22000392369737992,0,auto,0
142,64,118070,669,48472,19,0.41750529994598395,0,home,0
143,31,104767,563,54437,12,0.4184107099620078,1,personal,0
144,20,122829,617,54416,28,0.5799903800535507,1,auto,0
145,18,51614,383,64711,7,0.7371491244074296,2,business,1
146,22,61258,617,11816,8,0.5473225112404446,1,education,1
147,43,118789,410,82175,15,0.7674745684960562,1,education,1
148,31,67078,550,69307,18,0.7171309479145984,1,auto,0
149,56,131288,682,51733,15,0.5091498568715532,2,personal,0
150,44,108524,306,16240,6,0.6836543656431792,0,auto,0
151,26,121573,758,97493,13,0.5498043272265438,1,personal,1
152,32,37219,383,76363,27,0.154990481646609,2,business,0
153,32,25235,507,37762,13,0.618395306281657,2,personal,0
154,43,67929,689,13259,24,0.16643590888714235,2,auto,0
155,59,92444,613,55139,26,0.5158579463987988,0,business,0
156,30,33567,321,19849,3,0.5918481441007603,1,home,0
157,68,126834,709,86768,25,0.14656932574759868,2,education,1
158,49,95792,814,94709,14,0.2615562577485723,0,auto,1
159,56,90441,426,59869,2,0.740970562583155,2,auto,0
160,66,109555,313,68095,4,0.5314201445630276,2,auto,0
161,69,98698,311,75910,0,0.2724002131673721,2,business,1
162,49,149450,386,91710,2,0.5834758398036046,2,home,0
163,21,142248,823,28567,14,0.5177434939731828,2,personal,0
164,47,30415,836,40292,23,0.4511029899425639,0,home,0
165,54,61159,600,79813,26,0.7833308824916586,1,business,0
166,40,68925,542,56631,7,0.5784176441852563,1,auto,0
167,56,30951,421,14885,28,0.36280877676753887,1,education,0
168,62,112388,446,64659,3,0.6600514024538077,1,auto,0
169,32,33007,655,59306,1,0.7192083050448315,0,personal,0
170,60,66832,608,71314,28,0.187654391661782,0,education,1
171,46,83596,587,70087,23,0.24038708449168655,0,auto,0
172,53,146101,606,34165,23,0.2513589063894458,2,education,0
173,30,55523,848,63929,9,0.5838482665705783,2,home,0
174,49,113861,651,72028,3,0.5221276885372984,2,business,0
175,24,149194,611,54812,2,0.5332940952890117,1,auto,0
176,68,111740,358,55500,1,0.7585413097826507,2,personal,1
177,39,40524,334,84151,24,0.6431380729651142,1,home,0
178,45,44282,744,63643,16,0.18955584715824825,2,auto,0
179,19,48930,392,49900,22,0.3432549576976267,1,home,0
180,59,25077,506,47946,20,0.404775552323015,2,personal,0
181,62,130881,652,12851,23,0.3771731121233235,2,auto,0
182,23,45611,631,21288,19,0.5685160264133154,0,personal,1
183,45,41984,458,77692,22,0.7243251722795938,2,education,1
184,45,39060,323,72580,12,0.31423602446595167,2,personal,0
185,61,107985,703,12368,4,0.48631399549483,0,education,1
186,61,109056,815,90436,29,0.65258659533951,1,auto,0
187,37,68303,663,51403,20,0.3913526411917446,0,education,0
188,47,84207,681,96170,29,0.21768268987950712,0,auto,0
189,28,100046,831,14168,8,0.4324656756846238,1,auto,0
190,45,54287,451,91497,24,0.13865576452011993,2,business,0
191,42,118709,719,54879,28,0.7596684178015939,1,auto,1
192,56,64711,549,64871,24,0.15237484363648113,2,education,0
193,50,36954,416,94388,27,0.4069197006754047,2,business,0
194,18,98340,811,37174,21,0.4709168827619684,1,business,0
195,44,97101,634,97491,5,0.7897126826010998,0,auto,0
196,69,96520,717,11581,4,0.21621527655000256,1,personal,0
197,30,112062,594,76853,24,0.180102063028651,2,personal,0
198,58,127974,670,69046,9,0.10609430294378051,1,business,0
199,20,43574,485,54678,7,0.20890000580851165,1,auto,0
200,56,34184,545,31649,6,0.24509108534736734,2,personal,0
201,23,44096,567,93668,6,0.5414066591081647,0,auto,0
202,25,92728,536,87325,5,0.25379475327398027,1,auto,0
203,44,59016,829,19567,20,0.11436457031052766,2,business,0
204,26,36246,320,85404,28,0.6786328418517421,2,business,0
205,54,70558,819,94906,19,0.3559169907027767,1,home,0
206,50,143721,399,66944,2,0.3475876806065138,0,personal,0
207,68,43381,777,83002,18,0.3117353204175486,1,personal,1
208,59,61455,597,33803,21,0.7827612940024946,0,personal,0
209,61,117263,825,23230,14,0.21908079211649706,0,education,1
210,41,29018,633,22862,3,0.7287666447672646,0,auto,0
211,32,36302,301,48355,27,0.6437623324979216,0,business,0
212,49,92506,674,36259,11,0.15353596884951917,1,personal,0
213,49,66157,592,92445,5,0.7907103710505942,2,home,1
214,41,79917,617,35795,18,0.28995617447730737,2,personal,0
215,58,117738,801,13770,3,0.16900804891568866,2,auto,0
216,69,121646,680,16093,14,0.6805199638880316,2,auto,1
217,66,108122,313,51571,8,0.5946728735743899,2,business,0
218,66,49519,803,5193,4,0.5320531641145306,2,education,0
219,69,121809,530,22569,12,0.20918660458925323,1,business,0
220,29,112487,383,16190,22,0.4349472813791734,0,personal,0
221,56,81819,429,67824,25,0.6463892188210497,2,home,0
222,19,105910,444,47752,17,0.3125367567006882,1,business,0
223,20,145430,327,37327,29,0.3181828799605291,2,education,0
224,66,96324,365,47070,29,0.10219863423368548,2,business,0
225,54,30408,462,90925,4,0.2219703811517657,0,auto,1
226,66,84379,528,45197,24,0.712783937585284,0,personal,1
227,34,50053,560,7261,15,0.40922254414639503,0,personal,0
228,66,34446,748,98905,26,0.7889641494641038,2,personal,0
229,19,25922,723,31512,18,0.3769955745016548,2,personal,0
230,19,123723,759,11716,13,0.6006305183461689,2,personal,0
231,45,76356,600,91795,24,0.2973433300333104,0,personal,0
232,40,35789,602,33933,29,0.35466674879865345,1,home,0
233,54,122720,586,9378,15,0.23350819131362627,2,education,0
234,49,91656,694,45583,26,0.3429436579495765,2,personal,0
235,50,69028,309,90371,14,0.4830662642944502,2,education,0
236,18,89484,569,34033,21,0.7942410166854746,1,personal,1
237,36,57154,660,29000,3,0.56494119915025,2,business,0
238,19,107870,556,80868,6,0.23947216808581986,1,personal,0
239,61,27336,432,47604,15,0.1314730091140858,2,auto,0
240,43,128677,575,73336,23,0.18844953692015742,1,home,0
241,49,92779,812,78869,21,0.49378864089113317,2,business,0
242,23,44029,612,10410,20,0.6356122301717364,0,business,0
243,49,84201,583,88375,21,0.7582934451105229,0,auto,0
244,21,57265,420,61044,20,0.11107622039777458,0,personal,0
245,28,127916,406,68315,7,0.4659320990933089,0,home,0
246,34,137250,503,76344,16,0.4296071493562238,2,business,0
247,55,141553,464,11796,15,0.5592385153829929,0,home,1
248,41,68872,604,91716,26,0.49170519812573943,1,business,0
249,22,71197,796,59245,22,0.5809274054077365,0,personal,0
250,69,80180,455,48056,9,0.5606578093244333,0,business,1
251,51,48710,666,22709,9,0.18190820740056235,0,business,0
252,23,54486,550,63557,26,0.6598025395331037,2,education,0
253,39,96907,633,22543,1,0.1862628030014274,0,personal,0
254,28,96895,810,42418,29,0.588971437646396,1,auto,0
255,65,89435,592,99611,8,0.39130175734842476,0,auto,0
256,33,65631,319,21724,16,0.45969551420361854,0,personal,0
257,50,126532,581,8828,10,0.7323086100629974,0,auto,1
258,26,45103,300,22087,9,0.7229186085314406,1,personal,1
259,23,89772,418,17605,21,0.6724994139585208,0,auto,0
260,33,39382,334,36337,24,0.45710386631942634,1,education,0
261,46,109291,497,10482,16,0.6153678670936832,1,auto,0
262,20,126195,784,70333,3,0.4590279388631666,0,business,0
263,37,28756,358,97541,15,0.7087242577323443,1,personal,0
264,53,45609,460,93296,19,0.38194308326302995,2,home,0
265,36,139074,505,55952,14,0.7791647410904138,0,home,1
266,43,41478,311,10463,24,0.7526259307602143,0,personal,1
267,20,125978,789,75448,26,0.6191218336162498,1,education,0
268,36,64666,575,9648,20,0.2955911189232504,1,auto,0
269,37,100683,541,38623,4,0.19215751215528087,0,education,0
270,49,124097,515,64156,5,0.6982924150652383,2,home,0
271,24,149714,550,40634,16,0.2157116002965729,1,personal,0
272,69,125420,425,49602,0,0.697982552298135,1,personal,0
273,58,96315,516,54334,24,0.4435355046986523,2,education,0
274,50,102834,605,73648,18,0.38458974866567297,2,education,0
275,57,39153,484,27054,3,0.7322335451841004,0,auto,0
276,56,134415,338,75028,16,0.5226956877781946,2,business,0
277,35,101325,522,27207,8,0.5036298049908025,0,business,0
278,57,134701,483,85650,23,0.4911361612370784,2,auto,0
279,18,37999,794,86554,1,0.359818661213672,1,business,0
280,28,80318,726,26386,7,0.6499501724703891,0,home,1
281,45,25814,477,88276,14,0.2769589108110411,0,business,0
282,42,140033,727,64518,6,0.7572264720288926,0,auto,0
283,67,101077,593,57781,26,0.7257896435328726,2,business,0
284,40,115474,450,57780,5,0.33623622797242875,1,personal,0
285,48,27443,683,66440,0,0.6106246388821647,0,education,0
286,47,100993,607,49199,14,0.501256236114714,0,home,0
287,59,100916,635,66035,22,0.33635451139946426,0,personal,0
288,52,98319,674,13210,25,0.7919651535968127,0,personal,0
289,24,134777,307,49363,6,0.11766614209378495,1,auto,0
290,33,42368,640,83279,28,0.2768522214349007,2,education,0
291,43,40328,428,65348,29,0.4640518427778053,1,education,0
292,65,81942,651,60284,24,0.4653671024349948,0,home,0
293,69,116751,657,77124,16,0.512253152461895,1,auto,0
294,66,124131,816,73847,1,0.6261733204160435,0,home,0
295,19,52306,794,27432,26,0.5364344813635076,2,business,0
296,18,110451,385,69089,8,0.520197022369626,2,personal,1
297,65,64915,474,60398,28,0.13746012403913033,2,home,0
298,29,62219,492,8321,8,0.3635712014525089,0,personal,1
299,22,105879,610,86348,12,0.26243901779080925,1,auto,1
300,54,136939,418,42383,5,0.2857590781213828,2,business,0
301,49,89644,517,83682,5,0.4880362320382414,0,auto,0
302,26,85279,726,84190,19,0.23965372045072592,0,business,0
303,58,78028,713,57893,19,0.30576437071182827,1,business,1
304,52,129263,413,40820,20,0.2659592959621381,2,personal,0
305,36,25126,444,71262,2,0.7639520602527363,0,auto,0
306,65,77329,837,8760,16,0.7612660125197667,1,auto,0
307,33,52632,602,27190,16,0.5269590910172363,2,home,0
308,20,132099,644,72411,11,0.74716572811233,1,auto,0
309,37,90310,300,28377,15,0.6500688518278612,1,home,0
310,41,134945,446,51737,14,0.5129635179612662,0,education,0
311,50,80176,586,74569,12,0.104504648047757,0,education,1
312,41,144797,352,43211,22,0.6407614002555828,0,education,0
313,69,111066,603,87909,0,0.5917418391119282,1,auto,0
314,28,130500,368,8744,16,0.5306775572976898,0,auto,0
315,66,69327,660,29995,2,0.6322970181777302,1,home,0
316,25,93904,519,21977,25,0.45904551534233606,1,business,0
317,53,28797,460,39542,14,0.5928582899249374,0,home,0
318,55,72882,388,15651,3,0.7546204607085454,2,education,0
319,57,38718,458,83931,3,0.3630635110922604,2,home,0
320,37,59560,788,21715,17,0.5956852844304379,2,business,0
321,52,101589,623,49409,16,0.43298147260767117,1,auto,0
322,65,47116,680,29306,18,0.5720797562697871,1,home,0
323,42,61244,401,24086,10,0.6340253348880549,1,education,0
324,52,126721,793,19376,19,0.13181675030505718,0,education,0
325,42,26645,318,66350,2,0.5526203107640634,1,auto,0
326,46,72523,753,76425,7,0.2587188290848612,0,home,0
327,35,149085,781,41636,13,0.5690227764652968,0,business,0
328,63,142718,696,91120,25,0.42783113015366947,2,auto,1
329,35,44256,578,56649,0,0.6414869193054211,2,home,1
330,19,126376,664,39610,13,0.1863805706439175,2,personal,0
331,52,125158,630,15058,1,0.5384256461593366,0,education,0
332,33,78173,643,79637,28,0.29492951024928665,0,business,0
333,58,62430,754,83033,22,0.6970873967314141,0,business,0
334,53,64282,364,75194,3,0.7498684539454152,1,business,0
335,50,144719,375,81917,23,0.7974788055753388,0,education,0
336,21,88374,442,69200,26,0.6572051816990984,2,home,0
337,50,93244,772,51619,28,0.6276138492996032,2,auto,0
338,31,36694,716,22154,18,0.25085053120728573,0,home,0
339,38,81264,604,24539,5,0.33520494129307615,0,auto,0
340,65,100060,796,65058,24,0.4259777792335957,2,business,0
341,37,122416,590,67068,0,0.6413667334475748,0,home,0
342,25,82545,401,82313,16,0.7404761055545781,2,business,0
343,24,143195,566,35373,7,0.23239737001608926,1,personal,0
344,20,64224,302,38154,18,0.745657239269072,2,business,0
345,34,127516,384,11031,20,0.5869372566478407,1,business,0
346,50,122945,627,98533,0,0.527539511479527,0,auto,0
347,65,38224,749,76975,4,0.23988888989735768,0,personal,0
348,29,65738,753,27785,26,0.1388675229664054,1,business,0
349,68,50150,520,83928,15,0.497925428955558,0,business,1
350,39,88731,453,33669,5,0.5560609783302247,1,personal,0
351,39,74688,311,99475,7,0.2475470145482818,0,personal,0
352,63,124929,432,7282,12,0.4895193440778195,2,home,0
353,47,133618,603,39624,15,0.6995453819338016,0,auto,0
354,55,98509,592,53438,29,0.684546161818514,2,personal,0
355,55,33577,599,94900,2,0.749148626410408,2,personal,0
356,62,33070,342,72534,18,0.35612006668981633,1,education,0
357,68,33666,642,36705,11,0.32263470078564316,0,personal,0
358,25,82761,625,43244,15,0.6245982041865661,1,auto,0
359,44,146178,797,79964,26,0.4017786835679036,0,business,1
360,44,61368,663,42437,10,0.16128406481944643,2,business,0
361,51,31783,726,82872,9,0.29796079146934984,2,business,0
362,38,136530,320,79878,24,0.3930075998720425,0,business,0
363,47,66914,706,77982,19,0.30476149783337647,0,education,0
364,50,95507,635,55583,3,0.33254389966312514,1,personal,0
365,45,104026,416,43392,11,0.3056431343220736,0,business,0
366,64,140893,423,12461,22,0.12904941702815562,0,home,1
367,50,136255,698,15516,1,0.5459662905771098,0,business,0
368,22,135616,350,84285,23,0.5181046942474286,1,personal,0
369,65,92526,623,22514,21,0.5573684489350764,0,business,0
370,36,95835,440,41268,18,0.23461692722353925,2,education,0
371,21,70765,769,95486,24,0.3069581791287397,1,auto,0
372,52,44956,633,41788,4,0.5337311488614457,1,auto,0
373,66,112895,672,80749,7,0.5197392979219451,2,personal,0
374,34,71240,793,66049,6,0.45443121654798746,2,auto,0
375,61,146008,838,67493,13,0.34528927500713824,2,auto,0
376,45,62148,455,41027,23,0.739051703342283,0,home,1
377,47,119270,590,98547,22,0.3378391696091907,2,personal,0
378,46,29757,443,47849,2,0.41893340950607616,0,personal,0
379,63,44097,405,22858,17,0.5746796816679461,1,auto,0
380,23,35395,719,89162,15,0.4801150016067349,1,auto,0
381,52,41241,301,84003,22,0.3428201834550699,2,auto,0
382,58,128892,389,57395,18,0.4049513533195569,0,education,0
383,54,52696,644,44758,18,0.6561365724974543,2,business,1
384,41,140654,649,59312,17,0.2946904088406287,2,education,0
385,46,95480,758,73670,19,0.19957866784377082,0,personal,0
386,66,71163,562,87279,15,0.31921424128084397,2,home,0
387,63,44816,650,20434,7,0.6946739508415309,1,business,0
388,48,74840,407,69047,27,0.16229280039944266,2,home,0
389,52,127547,338,52775,0,0.7941872513607163,0,personal,0
390,50,77853,458,80769,16,0.4787020292493638,0,personal,0
391,69,49917,611,71677,11,0.7893920207769658,1,home,0
392,38,121731,540,88555,29,0.7572974954601843,0,home,1
393,49,46566,744,90920,20,0.4169695999476418,0,home,0
394,40,100452,597,50734,10,0.2389437522237444,1,personal,0
395,50,87823,335,93503,4,0.21541934359559695,2,auto,1
396,20,146392,383,45603,26,0.26799255470897027,1,home,0
397,35,45806,751,81708,11,0.5970928483951762,2,business,0
398,42,100520,684,86926,16,0.2910649963120415,1,personal,1
399,59,26759,471,73803,5,0.33899768872300884,2,education,0
400,48,66949,675,44332,0,0.41414516279623037,1,education,0
401,20,117374,661,96703,4,0.7392628762950195,2,business,0
402,57,27482,440,26312,24,0.23257539251939227,1,auto,0
403,63,49442,417,98376,27,0.10351858682686219,2,home,0
404,41,58719,576,89526,13,0.14206748726471913,1,personal,0
405,67,83066,519,49179,4,0.7333364391760826,0,home,0
406,49,118501,325,76442,21,0.5532615253903542,2,personal,0
407,64,27079,820,45379,23,0.29112843352946477,1,education,0
408,39,27717,309,22297,26,0.2240347507078338,2,home,0
409,40,84676,677,7011,0,0.30598671564598007,2,business,1
410,19,52952,451,49014,29,0.18035784907589608,1,auto,0
411,44,111444,348,16738,17,0.7590730371991088,2,business,1
412,59,67460,453,99333,15,0.6489443220556869,1,auto,0
413,19,115397,592,52498,8,0.4236738238387785,0,home,0
414,43,97847,349,16120,18,0.7054738235806414,2,home,0
415,34,118607,830,13767,21,0.2746207430052626,0,auto,0
416,57,114106,359,27852,4,0.6019843979305355,2,education,0
417,50,43449,466,84239,26,0.6992927493096205,2,personal,0
418,26,58536,501,5929,1,0.34973809813629086,2,business,0
419,60,89077,445,82487,29,0.6302251118155024,1,business,0
420,65,63258,738,96575,14,0.30655064448501657,0,business,0
421,56,73302,541,22438,6,0.3091999946813216,2,home,0
422,46,53865,782,53515,3,0.17494002498793026,1,business,0
423,59,31645,407,10744,0,0.4080406325565792,2,personal,0
424,43,144771,525,88820,12,0.6107983345481955,1,personal,0
425,52,63000,731,47417,19,0.7581545638998995,2,auto,0
426,67,51737,718,12069,21,0.5226578943503674,0,home,0
427,42,36485,754,47359,6,0.7041948764150173,0,personal,1
428,41,63565,459,24799,14,0.675746254503159,2,education,0
429,30,50522,822,98762,22,0.22134013708269662,1,home,0
430,24,144614,376,75188,13,0.4400722002388421,2,home,0
431,53,90155,808,94859,22,0.18184647486777406,1,personal,1
432,62,80168,740,12597,18,0.5775072130931446,2,education,0
433,37,77487,553,52093,21,0.7649297677722532,1,auto,1
434,18,37342,619,42226,28,0.19596262065512957,0,personal,0
435,25,65806,562,77127,23,0.613718191561779,2,education,0
436,63,73770,673,96369,19,0.5425667056075028,0,home,1
437,33,103623,466,82362,28,0.5085235259056698,0,education,0
438,31,128177,758,31417,23,0.37308416428183744,2,home,0
439,29,124785,579,23693,17,0.3485921534276688,2,personal,0
440,68,100629,601,84674,9,0.1316744323132215,1,personal,1
441,40,145993,830,58161,8,0.25253609577640945,1,business,0
442,32,77603,517,7169,24,0.11062381760077883,0,business,0
443,45,137726,401,89092,7,0.5069919739074145,1,business,0
444,51,106974,587,27052,25,0.17409726511453621,1,personal,0
445,19,130947,466,76849,29,0.7111135758208013,2,auto,1
446,49,51399,335,78851,28,0.4662001144880157,1,personal,0
447,40,110382,652,13036,9,0.5897829363410959,0,education,0
448,39,106244,372,36778,16,0.38759996428834753,1,personal,1
449,68,134575,652,32734,1,0.49240586630073413,0,personal,0
450,42,140520,369,28173,5,0.7598614238766414,2,home,0
451,39,135904,724,35403,25,0.15791382773656953,0,home,0
452,39,101534,816,71321,4,0.2777564403465873,1,home,0
453,66,80106,727,76675,27,0.645991828837381,2,personal,0
454,69,137599,838,11344,29,0.1691160448178661,1,auto,0
455,59,55678,459,23800,8,0.15296277273287762,2,education,0
456,23,101218,448,30372,4,0.35307897912782704,2,education,0
457,32,88230,529,66516,17,0.16451757093070263,1,auto,0
458,60,139684,366,25538,25,0.5095549095443422,1,auto,0
459,54,99055,680,68918,19,0.25839267557161993,2,education,0
460,50,81373,357,19973,8,0.7269885742395606,2,business,0
461,25,56480,558,76155,16,0.6484500565916798,1,home,1
462,61,110230,641,64500,26,0.5897936442696333,0,home,0
463,61,93836,429,41575,16,0.5318608191691514,1,education,0
464,22,97258,471,47261,11,0.7044260112390244,2,auto,0
465,56,64986,508,32716,6,0.25614344307992987,1,business,0
466,21,49160,653,8236,26,0.7111761899349593,0,education,0
467,23,110595,770,20848,2,0.6526446088968366,1,home,0
468,62,126358,415,7352,9,0.62371257847138,2,personal,0
469,49,104111,563,6932,1,0.4928789746524469,1,auto,1
470,69,89929,741,81449,24,0.2723709126794201,2,personal,0
471,47,98506,847,13556,2,0.3964835411943275,2,education,0
472,64,59911,752,91836,15,0.6554994581771612,1,home,0
473,52,112127,776,10498,1,0.12224493905012712,2,business,0
474,57,56821,586,81118,27,0.6474355384846309,2,personal,0
475,69,100039,602,55098,23,0.26804951834129653,0,business,0
476,33,85535,610,69386,9,0.20101644050512213,0,home,0
477,30,138453,507,14569,5,0.18099092272621153,0,personal,0
478,67,109458,745,61882,21,0.11907500836557058,0,business,0
479,59,37175,354,75393,25,0.4665105396550171,2,business,0
480,47,144235,311,5340,10,0.25278191088561064,1,personal,0
481,36,79771,699,48949,22,0.7926022360457421,2,home,0
482,34,131660,814,87302,6,0.5021057291105441,2,business,0
483,36,146300,841,67443,26,0.19651968854920732,2,education,0
484,45,111925,536,96668,28,0.5821337785679558,1,personal,0
485,43,138374,578,79027,14,0.7284204965568077,0,auto,1
486,54,91358,647,5138,5,0.6216256467587301,2,auto,0
487,43,42327,403,5358,19,0.1535079027276134,2,home,0
488,40,72057,816,80250,26,0.7271189268348617,0,education,0
489,26,31150,547,90376,8,0.6557505701019753,2,business,0
490,29,29425,663,35654,21,0.21081273007393006,1,auto,0
491,18,148654,620,30879,19,0.13625012211297183,2,home,1
492,18,41032,585,86532,11,0.490117402720016,2,education,0
493,64,27198,448,60778,18,0.20922506793798384,0,education,1
494,51,85500,383,42772,19,0.6842136668166905,2,home,1
495,49,78394,705,63478,2,0.3508342596701717,2,home,0
496,65,45079,755,69353,14,0.7390247113156028,1,business,0
497,42,61220,460,31762,1,0.49598172049870404,0,home,0
498,57,66874,759,18283,29,0.22787066896776773,0,business,0
499,62,38859,849,68922,20,0.1977192071518601,1,business,1
500,18,75460,799,44420,1,0.5035307062904277,2,personal,0
501,33,56419,808,60568,21,0.6333185283037107,0,education,1
502,56,143865,780,90090,2,0.6470539534195275,0,education,0
503,22,33705,413,25219,5,0.29303018310889695,2,education,1
504,39,67880,660,62169,14,0.24297273123851726,2,personal,1
505,46,48236,640,79965,26,0.1117294131446677,0,business,0
506,20,112955,748,51840,9,0.5754394058408187,2,business,0
507,29,110514,479,49695,8,0.1535977809034773,0,home,0
508,43,128145,706,89754,0,0.39453284123614807,2,personal,0
509,33,40358,495,82988,15,0.5211775148128073,2,home,1
510,68,124713,765,63342,5,0.755976261443774,1,personal,0
511,54,119914,610,23951,8,0.31826149586903807,2,home,0
512,39,127870,561,6307,26,0.2748405137125639,1,auto,0
513,46,101918,718,85388,3,0.5579121080002689,2,education,0
514,31,144179,705,95768,26,0.5334673224375072,0,education,0
515,45,141243,442,40428,27,0.33247684831568725,0,business,0
516,22,39596,641,97021,1,0.7496712848568506,2,auto,0
517,64,58572,615,80774,28,0.691403629242743,2,education,0
518,66,103757,400,43975,3,0.25678778210555686,0,business,0
519,47,26279,543,6140,0,0.26739978180416624,2,auto,0
520,63,88197,789,29842,18,0.4586102428209564,1,education,0
521,69,136496,311,31421,25,0.6415004712115042,1,home,0
522,22,87516,538,6708,24,0.1308282655719251,1,personal,0
523,29,32083,341,8630,9,0.5853346076142947,1,auto,0
524,33,145674,728,24595,20,0.5537651281674679,1,business,0
525,43,145307,457,81021,14,0.2620360671390918,2,auto,0
526,43,134397,515,33308,26,0.5769471092689442,2,business,1
527,65,42771,761,49789,21,0.7581282338764579,1,auto,0
528,38,54975,433,60690,18,0.13275009148023798,2,business,1
529,56,70648,366,31086,15,0.3237564387044438,2,education,0
530,53,73285,306,21859,20,0.4067237016664488,1,home,0
531,50,44063,825,12684,26,0.7294822512472827,2,education,0
532,47,92642,372,96088,23,0.7735830126264097,2,home,0
533,54,115093,698,6207,21,0.41088067254743266,2,education,0
534,40,139390,704,51099,3,0.6250198884995338,1,education,0
535,27,111143,429,72496,1,0.4721627166351381,2,auto,0
536,22,62599,765,71093,29,0.47644805431896364,0,personal,0
537,53,76920,505,34689,24,0.2946696605464495,0,business,0
538,51,53529,565,53651,12,0.2518693721047157,1,business,0
539,69,60954,836,18893,27,0.30160374214682883,0,business,0
540,48,52856,552,71418,0,0.4894296050799556,1,home,0
541,27,27573,588,65011,16,0.1204086302154623,0,business,0
542,36,103344,463,43635,12,0.7350742610494841,0,business,0
543,49,60367,394,61115,3,0.20939859668484337,0,auto,0
544,18,127337,409,83405,6,0.2540620738099706,1,education,0
545,22,131732,635,77702,16,0.46279332351335245,1,business,1
546,62,124608,537,83518,8,0.5970803364360956,2,personal,0
547,21,85774,680,77805,3,0.16701033832107812,1,business,0
548,33,48752,735,63954,18,0.3223862882830135,0,home,0
549,41,80029,782,33064,0,0.77807222390205,0,home,0
550,33,42685,324,84063,9,0.28364007674666203,1,home,0
551,19,76693,416,7454,3,0.3191351015442029,1,business,0
552,66,141739,781,25878,8,0.6855489434326235,1,auto,0
553,45,80961,691,56098,12,0.1351501021833187,2,personal,0
554,49,131937,836,67154,13,0.4252292181662797,0,business,0
555,44,149956,378,17991,9,0.3657317351161692,2,auto,0
556,37,101908,472,73344,5,0.3216107319360558,2,auto,0
557,41,99532,311,41593,15,0.29998971583133516,0,business,0
558,29,106994,427,41304,5,0.16396187340228646,0,business,0
559,67,81133,391,35386,16,0.32037808054615424,1,auto,0
560,52,122425,842,60220,9,0.130136681900968,1,auto,0
561,50,86268,831,74338,17,0.6466747045511048,2,auto,0
562,50,117201,746,99289,26,0.3787594557706082,1,business,0
563,68,63243,689,26083,21,0.41073268262393814,1,auto,1
564,60,82384,342,23354,17,0.7255162105150922,0,home,0
565,54,56653,553,27190,2,0.5606384887028546,0,business,1
566,29,51657,429,11142,19,0.10564137233948385,1,home,0
567,20,64952,359,33398,26,0.7602223760728996,0,education,0
568,18,47180,766,56971,20,0.26600112618439786,1,business,0
569,50,122432,586,46862,24,0.17532992933190122,0,education,0
570,57,146829,816,58410,27,0.6376897248666176,0,auto,0
571,27,103411,766,24503,14,0.4503341211067028,0,auto,0
572,60,26622,644,53456,14,0.40363939621261236,0,personal,0
573,61,73756,681,87035,3,0.27465215577791924,1,auto,1
574,46,65809,552,13016,28,0.48323004290362304,2,education,0
575,30,41725,355,7384,26,0.2920692236418112,0,auto,0
576,29,86396,762,67320,8,0.7311081037009474,1,business,0
577,48,76226,756,20072,26,0.25064313581323494,1,auto,0
578,63,131296,382,85018,25,0.7190486053190275,0,personal,0
579,19,106182,398,45510,18,0.49158379800914986,2,auto,0
580,68,107565,448,53933,23,0.6799416937266687,0,education,1
581,67,54402,628,26826,27,0.5989921971026685,1,education,0
582,52,29263,455,73026,16,0.587686578005724,2,auto,0
583,40,148489,489,30518,10,0.327042065386539,1,education,0
584,34,121523,793,29045,24,0.26372785203054244,0,education,1
585,43,71828,562,55876,8,0.24762035937655172,2,personal,0
586,25,145824,379,97446,9,0.7000341599417121,1,business,0
587,46,72924,699,95102,17,0.674298774181314,1,personal,0
588,43,99182,559,56919,19,0.4084014696086151,1,home,0
589,27,118065,400,32103,12,0.19268322944751826,0,personal,0
590,43,84052,658,41188,7,0.3675765763842209,2,auto,0
591,51,36664,679,10845,6,0.5335404178958381,0,business,1
592,68,60737,520,91698,16,0.41808220813596697,0,auto,1
593,58,126332,719,41674,20,0.6461324879380965,0,home,0
594,24,114563,423,24337,22,0.7983359755759698,2,business,0
595,21,54373,721,27313,14,0.2337924619142278,0,education,0
596,67,142369,530,31943,19,0.4217555737617007,0,personal,1
597,62,61397,362,82949,14,0.4016887313445755,0,auto,0
598,28,111145,784,5276,0,0.31314477292426557,0,home,0
599,46,126371,782,56151,24,0.23866686170420273,1,education,0
600,53,63709,818,22611,13,0.14598448154276147,0,personal,0
601,42,141074,454,16944,4,0.7209835220565889,1,education,0
602,38,86120,391,57887,10,0.3938940883804224,0,personal,0
603,53,44250,825,86442,15,0.44782686295003427,2,business,0
604,27,46172,754,54847,1,0.7418594337406411,1,education,1
605,54,36555,809,63653,7,0.6434033342611635,1,education,0
606,26,112410,482,91072,10,0.19135088488202895,1,education,0
607,41,103617,685,61622,28,0.49579397732541974,1,business,0
608,52,78276,704,32810,17,0.40957659356369147,2,home,0
609,66,82492,545,82842,2,0.658047750805134,0,personal,0
610,52,78002,770,15503,29,0.6069627833283645,1,education,0
611,65,145103,722,89761,25,0.5832840053377504,2,business,0
612,53,149938,364,41976,0,0.33838138483592783,1,home,1
613,35,114599,312,16590,10,0.6634746112794782,0,personal,0
614,66,97355,512,15886,15,0.13667390691640285,1,business,0
615,56,116248,541,17866,17,0.21173743100251707,2,personal,0
616,49,49762,792,71624,29,0.33493629108453826,0,education,0
617,41,36046,512,73899,15,0.15376520874849692,2,home,0
618,40,121999,637,37792,22,0.26449599427428416,0,business,1
619,49,149130,472,14764,9,0.6811056880985427,0,home,0
620,54,141021,463,91156,17,0.7637760764530556,0,education,0
621,29,53769,764,47727,5,0.3132216490419334,1,home,1
622,66,78302,796,83471,18,0.2851610627921868,2,home,0
623,30,48150,694,13068,3,0.29592485657249884,2,auto,0
624,40,93247,607,12295,26,0.29440336114559074,2,home,0
625,42,29853,482,46160,12,0.1251511275301811,0,personal,0
626,52,119613,809,16390,23,0.7488414424317758,1,business,0
627,58,145900,845,25131,13,0.2495886990992299,0,auto,0
628,47,114399,526,99754,2,0.39400285185698347,2,business,0
629,34,46792,735,80969,9,0.10678081791867743,1,business,0
630,66,84129,721,20038,5,0.7005685636405401,1,education,0
631,37,131019,320,57327,0,0.6118101411184421,1,education,0
632,65,99478,696,98718,22,0.7627292246215923,2,auto,0
633,42,138811,404,82064,23,0.6471308354374794,1,education,1
634,39,139130,491,26281,26,0.3195945584364457,1,education,0
635,30,92298,316,59189,13,0.27351135110989655,0,education,0
636,36,56987,419,53511,7,0.5884014152873052,0,business,0
637,66,40850,692,13605,18,0.35487894250734964,1,auto,0
638,53,37112,724,6381,13,0.4963505110268316,1,business,1
639,29,146789,428,71634,9,0.10438022971852917,0,personal,0
640,58,49058,429,24810,16,0.14331999117633268,0,business,0
641,36,70420,328,29322,8,0.47475755882715587,0,personal,0
642,29,63890,396,46869,28,0.4962501525137156,2,home,0
643,26,91017,309,37955,5,0.6260170611215405,2,home,0
644,24,72304,541,66388,10,0.19237572373677325,0,personal,0
645,45,57921,531,15207,24,0.4592281586297452,1,personal,0
646,31,130921,583,92329,6,0.23611335110218204,0,business,0
647,48,26524,499,72628,16,0.1652372836938863,2,personal,0
648,69,125424,378,33220,27,0.38734705584238827,1,auto,0
649,36,40048,472,89050,27,0.2143356536623401,2,home,0
650,64,60111,766,79085,0,0.25524738473462305,1,home,1
651,33,62904,715,27031,21,0.32228820590865126,2,personal,0
652,22,79912,748,75721,4,0.2815718805202374,1,education,0
653,52,59008,386,85807,8,0.1613139081841625,1,education,0
654,29,25060,400,76312,17,0.1629413714017916,1,personal,0
655,42,99666,307,64766,23,0.23527459066391773,1,auto,1
656,69,108559,499,17449,26,0.13539143157167727,2,education,0
657,38,80337,804,94833,20,0.538519913773849,2,personal,0
658,53,135616,386,61699,1,0.3011287015562314,1,auto,0
659,40,38350,342,86253,28,0.2958221774383497,1,auto,0
660,33,49354,684,51092,25,0.3323988059664357,2,business,0
661,56,70186,734,68671,10,0.5639573919468052,1,auto,0
662,62,53145,707,15350,26,0.7094437170384434,1,education,0
663,59,59020,782,73487,27,0.6313608527889469,1,education,0
664,56,111123,316,22622,5,0.6092704611575666,0,personal,0
665,31,131667,447,75263,25,0.4390738299205945,1,personal,0
666,48,100186,576,58117,7,0.5856638898771883,0,auto,0
667,22,110469,531,63394,3,0.48693365762350826,1,home,0
668,52,45581,665,28782,17,0.2513753697305703,2,business,0
669,40,113929,527,33454,27,0.24601185741873552,0,home,0
670,46,48051,735,72904,10,0.30747440481269844,0,auto,0
671,60,76474,698,20592,4,0.7375618696788693,1,auto,0
672,28,116748,510,27173,14,0.4831903882658082,1,home,1
673,35,139618,690,38204,27,0.6137337639013086,0,business,1
674,64,94626,798,40596,17,0.34259113187158335,2,home,0
675,29,31960,839,39324,1,0.38540103946565774,2,personal,0
676,26,60772,790,66202,21,0.18789590504607598,1,education,0
677,27,46520,741,94400,10,0.21990647047516926,2,personal,0
678,61,74481,560,35750,25,0.679149588378302,2,education,0
679,34,61408,649,81112,24,0.5093870421822175,1,auto,0
680,55,119006,651,21566,12,0.33627272611867326,2,business,1
681,24,82134,819,12190,3,0.6619958462968822,1,home,0
682,63,45491,619,93607,21,0.2725639339465881,0,business,0
683,30,26341,437,43333,6,0.7832228890201427,1,home,0
684,57,69623,849,85905,28,0.3413723254223189,0,personal,0
685,59,115327,667,94571,10,0.33611766790585934,0,personal,0
686,26,25338,519,6589,21,0.31833833387569366,2,home,0
687,67,96431,636,30235,23,0.18547806114700155,2,business,0
688,44,37254,522,5159,3,0.1777960031324087,2,home,0
689,19,76860,659,17145,27,0.5536735241738864,1,auto,0
690,22,36344,628,85909,14,0.7125826311906329,2,personal,0
691,46,26750,762,36921,0,0.6533643571901715,0,auto,0
692,54,79756,681,21237,22,0.19877531581494579,2,personal,0
693,55,92957,468,13244,2,0.4819074852544466,2,personal,0
694,36,130423,516,19743,13,0.173914082183648,1,education,1
695,25,83053,677,51101,5,0.13170625052915422,1,auto,0
696,65,95855,418,89227,17,0.5594701015693371,0,auto,1
697,62,40896,489,61378,24,0.4746066335762452,1,education,1
698,18,80761,669,76126,0,0.1574165796480296,2,business,0
699,39,87552,448,61071,5,0.12445747248419192,1,auto,0
700,69,145075,787,76121,5,0.7928294893865343,0,home,1
701,34,102454,673,79763,20,0.12101493250435032,2,education,0
702,24,143681,459,98814,15,0.4111697771351118,0,auto,0
703,42,115600,650,17237,28,0.45323331722538696,1,business,1
704,62,147732,587,20649,4,0.18209610346031155,1,auto,0
705,21,137153,587,42713,16,0.21834324490780138,0,personal,0
706,53,147926,525,78463,9,0.34626350448724674,2,home,0
707,23,52935,822,50409,27,0.6331731133495638,1,education,0
708,48,62641,821,53766,20,0.4549576968421868,1,personal,0
709,36,54711,572,51154,17,0.5465313121870732,2,business,0
710,61,95342,701,12016,6,0.7896221885634723,1,personal,0
711,56,131896,482,84563,2,0.6376038047192468,0,personal,0
712,44,37182,787,53688,12,0.4040530486988524,1,business,0
713,27,112833,423,94678,14,0.4125093452575842,1,personal,0
714,43,81276,713,59238,19,0.5331404539287036,2,education,0
715,36,44541,471,63608,18,0.5657556458932331,0,auto,0
716,56,119457,587,94081,2,0.45049764808566994,2,personal,0
717,20,107310,734,36897,3,0.551402855970486,1,education,0
718,62,69813,412,55961,4,0.11647274608986914,1,auto,1
719,30,62198,421,73703,0,0.4007360047277909,2,auto,0
720,67,33820,843,49757,3,0.29525665325143374,2,personal,0
721,45,49070,521,31917,11,0.1904221116701773,2,education,0
722,37,94768,338,27736,27,0.1696825589661426,0,personal,0
723,45,36122,796,32990,26,0.5222345159302673,1,business,0
724,25,105559,532,67551,23,0.4665203830068283,2,auto,0
725,58,98543,829,63161,9,0.2775088818974585,1,personal,0
726,56,108441,448,84623,22,0.4296650411407602,0,auto,0
727,18,66786,696,27440,24,0.4445626206276858,0,education,0
728,20,119934,601,40205,20,0.23650628630703108,0,home,0
729,30,124804,659,85811,28,0.5564651433171555,0,personal,0
730,45,31737,537,60103,25,0.6466435494702634,1,personal,1
731,66,61062,535,75812,19,0.6540244786226633,0,auto,0
732,42,79237,502,46627,23,0.5217288814924186,0,education,0
733,50,76571,555,24008,24,0.45814700776330985,2,business,0
734,55,50510,534,76274,12,0.14270500010377643,0,education,1
735,23,44426,644,37402,22,0.3014819091961241,2,personal,0
736,61,62265,833,58384,13,0.16529001274471894,0,business,1
737,62,42850,765,10793,22,0.7746762126149316,0,education,0
738,49,143249,840,10571,4,0.1945561023580325,2,home,0
739,62,91150,512,21209,3,0.20624278689577147,0,auto,0
740,64,112312,762,95930,13,0.7227036328313445,1,education,0
741,38,114613,735,48148,9,0.7607497984335205,1,education,0
742,33,99910,582,96218,16,0.6360803274644369,0,home,0
743,38,77375,762,7224,9,0.10378344657086891,1,personal,0
744,28,146826,706,53695,25,0.1009423896695946,2,auto,1
745,54,60435,387,37441,6,0.3646705388512156,0,education,0
746,53,121443,343,44129,15,0.2003767590076248,0,business,1
747,52,82132,760,67368,0,0.1128702995061181,2,education,0
748,36,103945,577,97122,16,0.4248466825831533,2,auto,0
749,37,107050,720,49760,20,0.7601433281848802,2,education,1
750,35,120402,652,28478,28,0.326673702431702,0,home,0
751,64,27983,814,76854,8,0.5627984749000876,2,education,0
752,58,122241,318,99230,5,0.5565647471927085,2,education,0
753,66,45662,322,90716,18,0.27575607256561746,1,business,0
754,31,48510,712,17180,12,0.5552976741767051,1,home,0
755,32,103187,329,20372,2,0.24863378200082392,0,home,0
756,48,65998,407,34796,6,0.18540518950382234,1,education,0
757,18,81846,666,63272,21,0.5909682998917831,1,business,1
758,20,119071,580,94963,8,0.17940857197274174,2,education,0
759,33,31640,427,98635,21,0.7978364530125488,2,education,1
760,40,69547,528,59040,4,0.22841668080516053,1,auto,0
761,28,79620,410,80357,9,0.5158993039295203,1,auto,0
762,29,40317,435,76368,22,0.38796219998881254,1,business,0
763,27,140608,661,83356,16,0.188470495683967,0,personal,0
764,49,32564,485,21211,11,0.11949073530418938,0,auto,1
765,33,52345,428,10842,22,0.5359125976049833,0,personal,0
766,25,138824,560,68115,15,0.6647302946523883,1,home,0
767,55,119223,814,71852,2,0.6894109630547208,1,auto,0
768,29,148372,748,50968,29,0.4378994311538542,0,auto,0
769,41,104273,403,22508,24,0.64421882702767,0,business,1
770,45,99859,782,27005,21,0.5709929934419814,1,personal,1
771,25,105765,523,59575,8,0.6069781692493933,2,auto,0
772,45,135017,790,85742,28,0.4448193036552699,0,auto,0
773,53,99038,772,23971,14,0.543388218169489,1,business,0
774,43,148618,309,30599,4,0.6638681395032399,1,business,0
775,25,77393,704,92592,22,0.3785189228899162,2,personal,1
776,67,91081,601,71914,12,0.6641852306073086,1,home,0
777,45,127650,530,72055,13,0.514411789952344,1,home,0
778,45,54430,365,92697,19,0.2161307170595504,0,education,0
779,54,100532,411,10355,14,0.11727891005720924,0,auto,1
780,58,52788,312,59120,15,0.35392752027940644,2,personal,0
781,53,120505,692,79619,22,0.48268742980743795,2,auto,0
782,44,73543,799,43342,12,0.6878742465424419,1,personal,0
783,34,38919,533,90992,16,0.18923997609817234,0,personal,0
784,26,94346,613,83860,22,0.6601444433785054,2,personal,0
785,50,121122,311,7257,7,0.7041063322470589,2,auto,0
786,37,64974,508,32364,20,0.20548124090058367,2,business,0
787,30,132309,313,29972,1,0.6961160235129533,1,auto,0
788,45,41371,717,31654,4,0.7940174974899544,0,personal,0
789,65,70084,736,85769,5,0.6087871817337663,2,education,0
790,46,54629,676,86423,11,0.6493387772774916,0,home,0
791,30,76184,319,34320,17,0.7960906872912115,2,personal,0
792,63,86916,369,25808,29,0.5238368753681618,2,education,0
793,52,98972,510,57389,21,0.3155204674113746,0,business,0
794,23,87187,400,39773,21,0.686271583853239,0,personal,1
795,35,37984,431,56168,0,0.5301400442581419,0,education,0
796,68,58039,680,32747,29,0.5068367966046696,1,personal,0
797,22,110431,431,81396,16,0.2775448888598268,2,auto,0
798,64,108691,319,88692,29,0.6294339887080207,1,education,0
799,42,83606,835,62505,10,0.1571670931020674,0,auto,0
800,19,35616,526,90896,9,0.7470009495562628,2,auto,0
801,27,127665,453,23135,18,0.32807642253933933,1,education,0
802,47,130373,768,95887,13,0.18944225695299333,2,home,0
803,67,75072,704,52377,25,0.40965657317169324,1,education,0
804,62,49574,501,28554,9,0.12972893647957323,0,home,0
805,22,28430,337,67491,14,0.5792383359854765,1,personal,0
806,50,144123,487,60621,27,0.7318938573117494,2,personal,0
807,18,37676,356,63283,18,0.6860841049969562,2,education,0
808,35,35816,319,90140,3,0.18915863141351677,2,personal,0
809,49,57733,572,21923,1,0.18838979597541233,2,business,1
810,64,110680,418,52591,8,0.6694041376269849,0,auto,0
811,66,27050,815,67261,9,0.7469779922221812,1,auto,0
812,28,134996,520,59336,27,0.4224688808834425,0,home,0
813,38,58933,825,79083,10,0.44927978183963624,0,personal,1
814,43,49951,814,65948,13,0.3227834289700081,0,home,0
815,42,57413,635,38002,6,0.7259855827794898,2,auto,0
816,39,59801,354,85098,22,0.5514320337046492,2,auto,1
817,44,80619,799,78016,14,0.30177610401715793,2,personal,1
818,66,57913,835,31672,21,0.3091480097379762,1,business,0
819,30,137573,461,9213,18,0.7238400511445217,2,business,0
820,50,144076,458,15293,21,0.10954381673407504,1,personal,0
821,51,65600,487,60860,14,0.32590860090864693,2,personal,0
822,58,82775,359,67507,29,0.4880496768514584,2,home,0
823,52,115816,618,62134,27,0.20375222346952726,0,personal,0
824,18,115093,510,7100,23,0.16446912793971286,0,business,0
825,38,137590,705,66997,7,0.670693431763392,0,personal,0
826,65,60400,408,33172,10,0.7260830720539551,1,home,0
827,23,29494,375,25132,28,0.6765244945587326,1,home,0
828,45,105688,841,23199,8,0.7291515228161434,2,home,0
829,34,147744,613,41609,14,0.4871783797408601,1,home,0
830,22,114431,416,47965,0,0.6685806846932394,2,education,1
831,48,99691,318,13016,29,0.3688298468737703,1,personal,0
832,22,122419,731,44779,0,0.566387503035327,1,auto,0
833,55,133730,649,36881,18,0.7921848719724152,1,personal,1
834,20,68001,482,87594,2,0.25800940668738925,0,education,0
835,40,92364,412,29472,9,0.3729298224037565,1,home,0
836,54,149988,482,56813,7,0.43603316411705995,0,education,1
837,54,70028,780,41021,14,0.19661084091403624,0,business,0
838,27,132434,445,59131,9,0.15672702732553975,1,business,0
839,27,122659,412,29087,0,0.6808060064251371,2,personal,0
840,36,62573,775,17828,28,0.7837560609793104,2,personal,0
841,34,25806,602,66610,17,0.3833075446807611,2,auto,0
842,38,149343,417,6401,1,0.1613548853362573,1,auto,1
843,31,81638,460,90179,18,0.14606823248340356,2,business,0
844,26,131506,700,20193,12,0.7239227444522092,0,home,0
845,63,54757,497,97389,21,0.42466997480937596,2,education,0
846,18,59636,559,49864,0,0.3240191215936744,1,auto,0
847,68,105097,346,25307,1,0.4335228898675797,2,auto,0
848,62,73280,698,24611,28,0.3228128662846431,0,home,0
849,30,49262,377,48791,15,0.442325042715334,1,home,0
850,21,105435,423,16950,14,0.7016894778425559,2,personal,0
851,18,87211,374,81240,12,0.514610959743467,1,education,0
852,66,79842,436,82403,15,0.5862576409671229,1,home,0
853,57,81979,699,7745,16,0.3552694733640356,1,auto,0
854,49,139524,804,60243,20,0.6169541149573632,2,auto,0
855,51,106470,799,8866,28,0.5666319594155607,1,business,0
856,45,63197,437,37245,28,0.18369339842643953,2,home,0
857,48,66844,349,49724,6,0.5008499971809093,0,personal,0
858,25,89754,553,76354,23,0.27972044741683066,2,education,0
859,56,126868,725,56374,25,0.662866968743515,0,personal,1
860,43,59157,846,35116,16,0.3981563959268577,2,auto,0
861,51,102129,601,86029,6,0.796278915637541,1,personal,0
862,20,65042,648,98574,12,0.16475030655727466,2,auto,0
863,67,86665,348,25447,4,0.646243503918111,1,auto,0
864,29,140512,373,35431,25,0.5715912134795096,0,auto,0
865,18,141953,560,22908,16,0.6372491814134938,2,auto,0
866,61,107856,655,34336,2,0.31527085684331946,1,auto,0
867,22,52376,559,45992,6,0.44443814256768044,0,business,1
868,47,134049,594,60350,25,0.6575559638065959,0,personal,1
869,47,80554,612,74561,16,0.2627789321345985,2,business,0
870,34,39199,481,56955,6,0.25822323775205647,0,business,0
871,65,143533,663,66240,20,0.4857356673064527,1,home,0
872,64,106412,487,25093,0,0.4664945056708991,0,home,0
873,40,75948,842,11155,16,0.297583729289053,0,home,0
874,32,98781,847,51607,29,0.30865295536737597,1,education,0
875,54,97750,707,38487,16,0.29449161424459586,0,home,0
876,38,91262,713,60668,10,0.6400584433989414,0,personal,0
877,31,142424,641,25963,24,0.5563306058937225,0,business,0
878,19,71600,519,55124,26,0.6826920283871769,0,personal,0
879,28,101898,462,57870,28,0.7828311198198153,1,home,0
880,68,87483,519,61547,2,0.43191500739039057,0,education,0
881,56,43297,569,69110,14,0.14668571698381422,1,education,0
882,55,55448,699,58554,28,0.13366461728842483,0,business,0
883,51,51172,481,25936,20,0.3069655274901334,0,personal,1
884,55,67874,504,9426,10,0.7527812125467157,0,auto,0
885,67,32657,527,93839,25,0.46624913847961247,0,personal,0
886,51,109386,549,32606,27,0.29025056125609044,1,home,0
887,35,50425,740,52832,15,0.37941675615771375,1,auto,0
888,47,51685,832,33151,24,0.5190165751832696,1,education,0
889,32,147000,495,84303,21,0.5570647606964896,2,business,0
890,44,137855,818,16308,27,0.20774365684803353,0,business,0
891,68,49578,369,67522,8,0.7839221735816232,0,education,0
892,51,53831,698,50671,23,0.48134055888795224,1,home,0
893,69,32906,502,95306,23,0.19498182245459553,2,education,0
894,55,86413,447,99108,0,0.7255446773422937,0,home,0
895,50,79028,771,7204,28,0.15224690175560018,1,auto,0
896,41,32287,498,97769,24,0.7354148032242589,0,education,0
897,32,58660,725,92265,21,0.7975959594022878,0,home,0
898,47,100758,791,36131,15,0.5903022594095527,1,auto,0
899,59,85504,441,57428,8,0.6393130547517929,1,education,0
900,68,84720,612,38870,18,0.33611198552724053,0,business,0
901,34,127979,464,54067,11,0.7591037969137536,0,education,1
902,22,59701,613,63585,18,0.47079977627585734,1,personal,0
903,46,108300,320,26607,21,0.6126719126182885,0,education,0
904,21,135177,381,29968,8,0.7468754011378956,0,personal,0
905,27,42674,430,16908,6,0.7826259831828558,1,auto,0
906,34,108560,604,31423,13,0.6832430496176721,0,education,1
907,27,136543,670,79707,28,0.312112254887421,0,auto,0
908,34,48874,683,83257,18,0.7765832615864577,2,auto,0
909,37,68642,744,66215,18,0.5396836718705003,1,home,0
910,41,148867,724,60835,1,0.7514497334463719,2,auto,0
911,22,122820,460,54429,8,0.5732735180700463,2,auto,0
912,51,90160,477,87152,12,0.31506727329340434,2,education,1
913,23,42602,789,43458,14,0.3590171668999712,0,education,0
914,19,128320,626,51169,2,0.4853302439720584,0,business,0
915,30,113801,588,12659,10,0.6530103890919174,2,home,1
916,60,50931,653,65614,20,0.32258778593823445,2,auto,0
917,60,119377,327,82240,13,0.5058118162939345,2,home,0
918,65,54192,342,37793,29,0.34193749550348107,0,personal,0
919,28,71542,722,51473,24,0.671038583244575,2,auto,0
920,68,67520,476,94388,7,0.4267096656375653,2,home,0
921,64,89772,828,93330,17,0.15370597879701967,1,business,0
922,40,83762,793,60751,18,0.21623676503707548,1,business,0
923,33,75106,497,83915,15,0.14277326733374263,0,auto,0
924,48,106121,816,59254,1,0.4495120622100277,1,personal,0
925,28,50559,813,12006,7,0.17443610814375904,1,business,0
926,33,130595,321,79218,21,0.1798979785167425,1,business,0
927,25,58742,411,70344,5,0.7587337820268639,0,personal,0
928,21,94669,356,38840,11,0.7108585505232389,1,home,0
929,57,105199,365,37430,14,0.4164606177679562,0,business,0
930,21,46754,397,28091,24,0.7900637245951441,2,education,0
931,42,28972,443,37983,7,0.10013056971946419,1,business,0
932,20,95831,734,28989,3,0.5297856193913757,0,home,0
933,49,137217,385,80451,14,0.5314997241603091,1,home,0
934,20,66873,643,23990,27,0.4202101391089218,2,auto,0
935,44,119661,593,95270,19,0.37786358105400497,0,education,0
936,46,131532,542,85360,24,0.41876819483642536,0,home,0
937,49,34903,331,41081,16,0.39047230525577636,0,personal,0
938,67,28020,690,16033,12,0.6113447342376096,2,education,0
939,68,66755,576,21241,17,0.19474880448129886,2,education,1
940,36,110956,831,10939,1,0.23834745441379113,2,personal,0
941,38,111988,453,52562,12,0.22636275987469653,0,business,0
942,22,70648,682,40063,12,0.2837294095848852,2,personal,0
943,35,128537,367,81721,21,0.46768089314710837,1,personal,0
944,45,34516,513,32045,14,0.17784612313675313,2,business,0
945,59,137863,675,49769,19,0.707718506728553,0,business,0
946,39,140005,512,52118,28,0.30815307191593067,1,business,0
947,38,27396,378,89703,26,0.2137765912280955,2,business,0
948,23,109082,680,26625,9,0.5729349167187704,1,business,0
949,18,44129,357,32076,28,0.1266604104195235,1,personal,0
950,22,26591,325,69805,2,0.5339779954119149,0,auto,0
951,58,36303,746,49605,18,0.5887389014735499,1,auto,0
952,29,55561,365,89565,2,0.25044157197070344,1,home,0
953,43,96719,553,93509,21,0.129374851410544,0,auto,0
954,63,143618,343,44121,13,0.3545517512436147,0,auto,0
955,51,117108,396,70101,7,0.16901596116935555,0,personal,1
956,66,124616,526,36433,26,0.18153449477133599,1,business,1
957,31,149165,735,48309,22,0.2779828620114052,1,business,0
958,43,111231,678,72468,29,0.3068275472387315,1,personal,0
959,62,32314,477,49254,3,0.4709792387149945,0,auto,0
960,44,142071,726,72293,26,0.5748743198521092,2,personal,0
961,26,44623,606,42853,27,0.5149396586091294,1,home,0
962,43,92675,803,43405,19,0.2038522361026618,2,business,0
963,64,137992,567,71652,10,0.22046022271683852,0,education,1
964,39,121826,307,48527,25,0.7151384748550402,1,home,0
965,64,90082,807,82227,10,0.4908466205448796,2,home,0
966,47,108624,775,5492,26,0.7089564830283823,1,personal,0
967,60,130228,596,98418,29,0.3600825579239121,1,auto,0
968,65,58130,463,13811,10,0.5300800052019268,1,business,0
969,34,76756,784,98344,1,0.46656439123822757,2,education,0
970,43,122624,371,29272,29,0.32338644287432383,0,home,0
971,53,51292,537,98935,16,0.4289407604235168,1,education,0
972,18,136785,403,77010,8,0.4517436137788525,0,auto,1
973,25,111206,509,97492,27,0.24053968232967504,0,auto,0
974,66,94274,767,52153,27,0.32050726066371216,2,education,0
975,52,27469,753,59110,1,0.653986825354883,2,business,0
976,69,78947,567,18979,28,0.741051767617889,0,auto,0
977,32,47534,685,33328,23,0.35185586548170966,1,education,0
978,64,88620,686,17867,14,0.31488059754631276,2,home,1
979,39,73874,558,64234,15,0.23663801520031777,1,education,0
980,31,74708,582,30851,24,0.574943818055407,1,education,1
981,43,99553,339,36279,3,0.32616979116643613,1,personal,0
982,45,93344,785,78402,7,0.791424677369432,0,auto,0
983,40,74138,519,20449,8,0.32797936144476725,1,business,1
984,31,79302,428,81221,25,0.37589523274783976,0,business,0
985,41,72638,819,94080,25,0.5223339373484244,0,personal,0
986,19,103249,559,10451,4,0.6611790052339135,1,business,0
987,62,130865,665,92178,15,0.42866306574194357,1,education,0
988,43,27719,843,46316,12,0.3958592236522709,1,personal,0
989,31,47890,823,68064,29,0.7969464835163659,1,home,1
990,68,102236,315,68761,6,0.10734554879796111,0,auto,0
991,24,61509,428,43870,25,0.7265457021958721,1,auto,0
992,20,67534,408,35873,19,0.2043985781578162,1,auto,1
993,64,127302,832,63627,16,0.6501476933462395,0,education,0
994,40,117241,568,71155,2,0.5325520918924086,2,home,0
995,63,43787,461,30372,4,0.3392930998486645,2,personal,0
996,60,73845,559,8642,18,0.7117124688647128,0,personal,0
997,64,82932,401,33001,11,0.10903505958669439,2,auto,0
998,62,117124,805,39064,28,0.2586834564524466,0,home,1
999,35,116659,546,99826,26,0.49682495737467525,1,home,0
1000,55,58062,836,19122,6,0.3460795820347886,1,home,0
